Station,LON,LAT,Timestamp,predictions,actual_readings
chinsali,31.7333,-10.5917,10/1/2020 6:00,26.190844,0.66
chinsali,31.7333,-10.5917,11/1/2020 6:00,99.41361,111.93
chinsali,31.7333,-10.5917,12/1/2020 6:00,222.55464,215.92
chinsali,31.7333,-10.5917,1/1/2021 6:00,249.91469,234.13
chinsali,31.7333,-10.5917,2/1/2021 6:00,239.7866,226.33
chinsali,31.7333,-10.5917,3/1/2021 6:00,204.30435,281.285
chipata,32.6682,-13.6299,10/1/2020 6:00,15.941904,40.865
chipata,32.6682,-13.6299,11/1/2020 6:00,83.926956,9.23
chipata,32.6682,-13.6299,12/1/2020 6:00,246.45358,198.795
chipata,32.6682,-13.6299,1/1/2021 6:00,267.84665,359.76
chipata,32.6682,-13.6299,2/1/2021 6:00,232.19376,181.77
chipata,32.6682,-13.6299,3/1/2021 6:00,159.6862,209.29
choma,,,10/1/2020 6:00,3.0397842,32.455
choma,,,11/1/2020 6:00,71.17886,42.595
choma,,,12/1/2020 6:00,149.42558,188.335
choma,,,1/1/2021 6:00,171.80223,149.005
choma,,,2/1/2021 6:00,126.63964,137.415
choma,,,3/1/2021 6:00,78.86208,34.45
chadiza,32.47,-14.09,10/1/2020 6:00,10.889848,28.44
chadiza,32.47,-14.09,11/1/2020 6:00,82.74814,17.98
chadiza,32.47,-14.09,12/1/2020 6:00,228.08734,259.06
chadiza,32.47,-14.09,1/1/2021 6:00,265.9787,317.65
chadiza,32.47,-14.09,2/1/2021 6:00,221.25818,201.62
chadiza,32.47,-14.09,3/1/2021 6:00,147.79878,144.59
chama,32.81,-11.2,10/1/2020 6:00,13.146632,3.71
chama,32.81,-11.2,11/1/2020 6:00,74.42129,42.52
chama,32.81,-11.2,12/1/2020 6:00,173.05278,206.78
chama,32.81,-11.2,1/1/2021 6:00,216.58876,239.74
chama,32.81,-11.2,2/1/2021 6:00,179.8011,207.85
chama,32.81,-11.2,3/1/2021 6:00,157.57312,167.33
chasefu,33.14,-11.97,10/1/2020 6:00,18.374317,34.1
chasefu,33.14,-11.97,11/1/2020 6:00,75.55865,23.77
chasefu,33.14,-11.97,12/1/2020 6:00,159.18799,166.58
chasefu,33.14,-11.97,1/1/2021 6:00,230.99216,261.09
chasefu,33.14,-11.97,2/1/2021 6:00,185.1629,156.5
chasefu,33.14,-11.97,3/1/2021 6:00,168.03902,108.35
chavuma,22.4,-13.22,10/1/2020 6:00,64.26283,90.38
chavuma,22.4,-13.22,11/1/2020 6:00,145.36728,149.09
chavuma,22.4,-13.22,12/1/2020 6:00,190.47757,225.86
chavuma,22.4,-13.22,1/1/2021 6:00,208.1531,143.98
chavuma,22.4,-13.22,2/1/2021 6:00,166.7827,167.24
chavuma,22.4,-13.22,3/1/2021 6:00,182.60477,174.52
chembe,28.69,-11.74,10/1/2020 6:00,38.35546,34.79
chembe,28.69,-11.74,11/1/2020 6:00,147.41835,95.21
chembe,28.69,-11.74,12/1/2020 6:00,271.73206,291.78
chembe,28.69,-11.74,1/1/2021 6:00,300.61774,294.62
chembe,28.69,-11.74,2/1/2021 6:00,252.93796,195.13
chembe,28.69,-11.74,3/1/2021 6:00,228.96124,261.02
chibombo,27.74,-14.8,10/1/2020 6:00,9.1364355,18.49
chibombo,27.74,-14.8,11/1/2020 6:00,80.26032,77.17
chibombo,27.74,-14.8,12/1/2020 6:00,173.81157,332.06
chibombo,27.74,-14.8,1/1/2021 6:00,201.96788,227.99
chibombo,27.74,-14.8,2/1/2021 6:00,161.14252,212.1
chibombo,27.74,-14.8,3/1/2021 6:00,79.88083,59.14
chiengi,29.12,-8.73,10/1/2020 6:00,73.71555,43.43
chiengi,29.12,-8.73,11/1/2020 6:00,140.9512,121.64
chiengi,29.12,-8.73,12/1/2020 6:00,216.14188,235.21
chiengi,29.12,-8.73,1/1/2021 6:00,171.16516,96.82
chiengi,29.12,-8.73,2/1/2021 6:00,187.2119,170.73
chiengi,29.12,-8.73,3/1/2021 6:00,221.72556,157.56
chifunabuli,29.66,-11.05,10/1/2020 6:00,43.093815,48.2
chifunabuli,29.66,-11.05,11/1/2020 6:00,153.55414,86.43
chifunabuli,29.66,-11.05,12/1/2020 6:00,303.00885,294.46
chifunabuli,29.66,-11.05,1/1/2021 6:00,315.36755,321.05
chifunabuli,29.66,-11.05,2/1/2021 6:00,285.2878,273.31
chifunabuli,29.66,-11.05,3/1/2021 6:00,301.22485,387.12
chikankanta,28.24,-16.07,10/1/2020 6:00,6.239025,19.35
chikankanta,28.24,-16.07,11/1/2020 6:00,57.401325,37.17
chikankanta,28.24,-16.07,12/1/2020 6:00,145.33194,263.99
chikankanta,28.24,-16.07,1/1/2021 6:00,191.44669,187.4
chikankanta,28.24,-16.07,2/1/2021 6:00,133.05176,218.89
chikankanta,28.24,-16.07,3/1/2021 6:00,77.16841,48.15
chilanga,28.08,-15.46,10/1/2020 6:00,9.367733,17.1
chilanga,28.08,-15.46,11/1/2020 6:00,70.68522,60.14
chilanga,28.08,-15.46,12/1/2020 6:00,153.88283,316.4
chilanga,28.08,-15.46,1/1/2021 6:00,187.19728,131.62
chilanga,28.08,-15.46,2/1/2021 6:00,139.09932,187.56
chilanga,28.08,-15.46,3/1/2021 6:00,70.1231,47.23
chililabombwe,27.84,-12.37,10/1/2020 6:00,18.83799,28.84
chililabombwe,27.84,-12.37,11/1/2020 6:00,135.17621,79.44
chililabombwe,27.84,-12.37,12/1/2020 6:00,248.25404,205.94
chililabombwe,27.84,-12.37,1/1/2021 6:00,322.12726,211.8
chililabombwe,27.84,-12.37,2/1/2021 6:00,241.00208,173.57
chililabombwe,27.84,-12.37,3/1/2021 6:00,209.3259,151.71
chilubi,30.26,-11.07,10/1/2020 6:00,44.07498,49.67
chilubi,30.26,-11.07,11/1/2020 6:00,142.91983,85.63
chilubi,30.26,-11.07,12/1/2020 6:00,277.41052,267.49
chilubi,30.26,-11.07,1/1/2021 6:00,280.2146,286.57
chilubi,30.26,-11.07,2/1/2021 6:00,256.50217,239.6
chilubi,30.26,-11.07,3/1/2021 6:00,231.7959,278.68
chingola,27.7,-12.49,10/1/2020 6:00,20.116945,37.56
chingola,27.7,-12.49,11/1/2020 6:00,132.77888,92.44
chingola,27.7,-12.49,12/1/2020 6:00,255.38283,209.41
chingola,27.7,-12.49,1/1/2021 6:00,301.12192,273.7
chingola,27.7,-12.49,2/1/2021 6:00,238.42715,221.38
chingola,27.7,-12.49,3/1/2021 6:00,199.59714,184.17
chipangali,32.65,-13.31,10/1/2020 6:00,7.3490286,48.35
chipangali,32.65,-13.31,11/1/2020 6:00,73.241425,8.48
chipangali,32.65,-13.31,12/1/2020 6:00,225.55072,228.57
chipangali,32.65,-13.31,1/1/2021 6:00,253.4758,294.66
chipangali,32.65,-13.31,2/1/2021 6:00,201.27759,146.62
chipangali,32.65,-13.31,3/1/2021 6:00,149.88228,164.18
chipili,29.15,-10.43,10/1/2020 6:00,49.977036,34.4
chipili,29.15,-10.43,11/1/2020 6:00,168.0628,124.26
chipili,29.15,-10.43,12/1/2020 6:00,268.1729,273.85
chipili,29.15,-10.43,1/1/2021 6:00,263.04037,265.55
chipili,29.15,-10.43,2/1/2021 6:00,237.81625,222.77
chipili,29.15,-10.43,3/1/2021 6:00,248.12823,309.62
chirundu,28.7,-16.16,10/1/2020 6:00,0.82237124,9.88
chirundu,28.7,-16.16,11/1/2020 6:00,46.528187,41.55
chirundu,28.7,-16.16,12/1/2020 6:00,140.10648,219.03
chirundu,28.7,-16.16,1/1/2021 6:00,171.26624,178.06
chirundu,28.7,-16.16,2/1/2021 6:00,120.89224,149.77
chirundu,28.7,-16.16,3/1/2021 6:00,69.62546,23.1
chisamba,28.57,-14.86,10/1/2020 6:00,3.5703356,13.21
chisamba,28.57,-14.86,11/1/2020 6:00,70.528915,64.2
chisamba,28.57,-14.86,12/1/2020 6:00,175.09184,336.84
chisamba,28.57,-14.86,1/1/2021 6:00,204.56302,235.08
chisamba,28.57,-14.86,2/1/2021 6:00,152.54564,177.2
chisamba,28.57,-14.86,3/1/2021 6:00,80.88019,67.58
chitambo,30.58,-12.88,10/1/2020 6:00,14.442484,54.15
chitambo,30.58,-12.88,11/1/2020 6:00,92.27758,61.31
chitambo,30.58,-12.88,12/1/2020 6:00,228.61813,233.37
chitambo,30.58,-12.88,1/1/2021 6:00,265.55783,288.7
chitambo,30.58,-12.88,2/1/2021 6:00,228.88776,260.93
chitambo,30.58,-12.88,3/1/2021 6:00,171.35269,230.26
chongwe,28.63,-15.37,10/1/2020 6:00,9.256745,13.35
chongwe,28.63,-15.37,11/1/2020 6:00,64.019264,61.74
chongwe,28.63,-15.37,12/1/2020 6:00,160.10574,283.85
chongwe,28.63,-15.37,1/1/2021 6:00,195.97115,193.47
chongwe,28.63,-15.37,2/1/2021 6:00,142.32713,165.27
chongwe,28.63,-15.37,3/1/2021 6:00,75.03528,60.77
gwembe,27.93,-16.67,10/1/2020 6:00,3.4817634,31.1
gwembe,27.93,-16.67,11/1/2020 6:00,43.873627,33.57
gwembe,27.93,-16.67,12/1/2020 6:00,137.7747,246.46
gwembe,27.93,-16.67,1/1/2021 6:00,165.02385,168.56
gwembe,27.93,-16.67,2/1/2021 6:00,128.70282,178.47
gwembe,27.93,-16.67,3/1/2021 6:00,81.58099,135.73
isoka,,,10/1/2020 6:00,13.373271,0.32
isoka,,,11/1/2020 6:00,81.81231,62.48
isoka,,,12/1/2020 6:00,184.46857,229.88
isoka,,,1/1/2021 6:00,215.89655,189.3
isoka,,,2/1/2021 6:00,211.1179,142.8
isoka,,,3/1/2021 6:00,185.08022,197.15
ikelenge,24.25,-11.25,10/1/2020 6:00,107.18587,62.95
ikelenge,24.25,-11.25,11/1/2020 6:00,213.30302,217.66
ikelenge,24.25,-11.25,12/1/2020 6:00,293.83066,199.05
ikelenge,24.25,-11.25,1/1/2021 6:00,257.07193,128.6
ikelenge,24.25,-11.25,2/1/2021 6:00,232.0588,141.8
ikelenge,24.25,-11.25,3/1/2021 6:00,268.58942,151.43
itezhitezhi,26.03,-15.76,10/1/2020 6:00,11.496321,11.62
itezhitezhi,26.03,-15.76,11/1/2020 6:00,81.13205,93.22
itezhitezhi,26.03,-15.76,12/1/2020 6:00,175.06497,271.56
itezhitezhi,26.03,-15.76,1/1/2021 6:00,185.60435,195.08
itezhitezhi,26.03,-15.76,2/1/2021 6:00,141.61792,191.73
itezhitezhi,26.03,-15.76,3/1/2021 6:00,89.302765,41.31
kabompo,,,10/1/2020 6:00,36.658447,21.465
kabompo,,,11/1/2020 6:00,123.75423,102.45
kabompo,,,12/1/2020 6:00,203.38768,272.345
kabompo,,,1/1/2021 6:00,238.64423,222.7
kabompo,,,2/1/2021 6:00,178.84528,125.8
kabompo,,,3/1/2021 6:00,165.8907,127.715
kabwe met,,,10/1/2020 6:00,2.923991,0
kabwe met,,,11/1/2020 6:00,95.20397,51.4
kabwe met,,,12/1/2020 6:00,214.31038,286.1
kabwe met,,,1/1/2021 6:00,210.74747,281.6
kabwe met,,,2/1/2021 6:00,171.35347,214.5
kabwe met,,,3/1/2021 6:00,94.551735,87.5
kalabo,,,10/1/2020 6:00,32.460815,24.235
kalabo,,,11/1/2020 6:00,93.88792,129.685
kalabo,,,12/1/2020 6:00,189.71521,230.93
kalabo,,,1/1/2021 6:00,198.88933,247.74
kalabo,,,2/1/2021 6:00,161.45853,134.18
kalabo,,,3/1/2021 6:00,146.06529,129.15
kaoma,,,10/1/2020 6:00,32.32803,7.03
kaoma,,,11/1/2020 6:00,116.95056,151.975
kaoma,,,12/1/2020 6:00,200.69748,275.965
kaoma,,,1/1/2021 6:00,224.7498,351.185
kaoma,,,2/1/2021 6:00,184.78433,161.11
kaoma,,,3/1/2021 6:00,136.7022,89.62
kasama,31.0729,-10.2009,10/1/2020 6:00,25.563274,40.59
kasama,31.0729,-10.2009,11/1/2020 6:00,130.83098,80.77
kasama,31.0729,-10.2009,12/1/2020 6:00,269.38803,329.8
kasama,31.0729,-10.2009,1/1/2021 6:00,268.48776,320.55
kasama,31.0729,-10.2009,2/1/2021 6:00,247.12071,216.04
kasama,31.0729,-10.2009,3/1/2021 6:00,234.57193,250.34
kasempa,,,10/1/2020 6:00,32.022537,54.43
kasempa,,,11/1/2020 6:00,138.725,139.62
kasempa,,,12/1/2020 6:00,225.21057,296.73
kasempa,,,1/1/2021 6:00,253.39326,279.5
kasempa,,,2/1/2021 6:00,213.41852,208.08
kasempa,,,3/1/2021 6:00,169.76889,155.55
kawambwa,,,10/1/2020 6:00,88.37867,55.83
kawambwa,,,11/1/2020 6:00,193.84824,131.41
kawambwa,,,12/1/2020 6:00,255.05614,282.5
kawambwa,,,1/1/2021 6:00,250.16426,204.87
kawambwa,,,2/1/2021 6:00,212.85574,222.37
kawambwa,,,3/1/2021 6:00,276.32236,293.125
kabwe,28.39,-14.47,10/1/2020 6:00,3.643704,4.04
kabwe,28.39,-14.47,11/1/2020 6:00,85.82104,86.55
kabwe,28.39,-14.47,12/1/2020 6:00,189.0027,366.16
kabwe,28.39,-14.47,1/1/2021 6:00,214.62914,264.42
kabwe,28.39,-14.47,2/1/2021 6:00,159.5893,148.26
kabwe,28.39,-14.47,3/1/2021 6:00,98.84137,86.34
kafue,28.64,-15.72,10/1/2020 6:00,7.158388,15.97
kafue,28.64,-15.72,11/1/2020 6:00,60.588783,59.24
kafue,28.64,-15.72,12/1/2020 6:00,151.76553,280.17
kafue,28.64,-15.72,1/1/2021 6:00,195.02258,185.79
kafue,28.64,-15.72,2/1/2021 6:00,140.48482,188.85
kafue,28.64,-15.72,3/1/2021 6:00,76.19056,42.15
kalomo,26.47,-16.86,10/1/2020 6:00,5.9825215,29.45
kalomo,26.47,-16.86,11/1/2020 6:00,66.213684,68.05
kalomo,26.47,-16.86,12/1/2020 6:00,141.1951,182.68
kalomo,26.47,-16.86,1/1/2021 6:00,167.09674,198.94
kalomo,26.47,-16.86,2/1/2021 6:00,119.19659,138.02
kalomo,26.47,-16.86,3/1/2021 6:00,69.3579,22.64
kalulushi,27.94,-12.76,10/1/2020 6:00,22.132984,41.06
kalulushi,27.94,-12.76,11/1/2020 6:00,131.57837,78.66
kalulushi,27.94,-12.76,12/1/2020 6:00,250.64287,198.91
kalulushi,27.94,-12.76,1/1/2021 6:00,322.12402,325.06
kalulushi,27.94,-12.76,2/1/2021 6:00,225.54353,174.2
kalulushi,27.94,-12.76,3/1/2021 6:00,196.04193,132.71
kalumbila,25.52,-12.41,10/1/2020 6:00,54.782997,41.51
kalumbila,25.52,-12.41,11/1/2020 6:00,170.8391,184.4
kalumbila,25.52,-12.41,12/1/2020 6:00,273.09445,290.88
kalumbila,25.52,-12.41,1/1/2021 6:00,267.89294,255.78
kalumbila,25.52,-12.41,2/1/2021 6:00,229.49855,217.28
kalumbila,25.52,-12.41,3/1/2021 6:00,212.12552,186.74
kanchibiya,30.93,-11.56,10/1/2020 6:00,26.121971,51.18
kanchibiya,30.93,-11.56,11/1/2020 6:00,118.266106,62.63
kanchibiya,30.93,-11.56,12/1/2020 6:00,244.29291,259.54
kanchibiya,30.93,-11.56,1/1/2021 6:00,258.3896,275.34
kanchibiya,30.93,-11.56,2/1/2021 6:00,233.51466,225.98
kanchibiya,30.93,-11.56,3/1/2021 6:00,204.43663,256.83
kapirimposhi,28.59,-14.16,10/1/2020 6:00,7.452459,23.01
kapirimposhi,28.59,-14.16,11/1/2020 6:00,86.67405,78.7
kapirimposhi,28.59,-14.16,12/1/2020 6:00,207.21545,325.47
kapirimposhi,28.59,-14.16,1/1/2021 6:00,232.65666,305.97
kapirimposhi,28.59,-14.16,2/1/2021 6:00,189.4115,207.41
kapirimposhi,28.59,-14.16,3/1/2021 6:00,111.079475,107.41
kaputa,29.59,-8.8,10/1/2020 6:00,70.66486,41.69
kaputa,29.59,-8.8,11/1/2020 6:00,141.51842,119.51
kaputa,29.59,-8.8,12/1/2020 6:00,209.69826,237.89
kaputa,29.59,-8.8,1/1/2021 6:00,192.10571,123.05
kaputa,29.59,-8.8,2/1/2021 6:00,194.25243,196.49
kaputa,29.59,-8.8,3/1/2021 6:00,197.13115,162.88
kasenengwa,32.29,-13.67,10/1/2020 6:00,14.302944,44.94
kasenengwa,32.29,-13.67,11/1/2020 6:00,77.47377,9.94
kasenengwa,32.29,-13.67,12/1/2020 6:00,226.20068,240.24
kasenengwa,32.29,-13.67,1/1/2021 6:00,249.29056,310.25
kasenengwa,32.29,-13.67,2/1/2021 6:00,208.5402,145
kasenengwa,32.29,-13.67,3/1/2021 6:00,135.32687,162.25
katete,32.06,-14.06,10/1/2020 6:00,9.156013,21.74
katete,32.06,-14.06,11/1/2020 6:00,79.43704,12.85
katete,32.06,-14.06,12/1/2020 6:00,216.44089,239.78
katete,32.06,-14.06,1/1/2021 6:00,256.02887,288.93
katete,32.06,-14.06,2/1/2021 6:00,211.23787,203.14
katete,32.06,-14.06,3/1/2021 6:00,127.9472,121.88
kazungula,25.63,-17.1,10/1/2020 6:00,14.9037285,23.65
kazungula,25.63,-17.1,11/1/2020 6:00,78.11563,99.13
kazungula,25.63,-17.1,12/1/2020 6:00,143.90576,162.56
kazungula,25.63,-17.1,1/1/2021 6:00,169.18909,202.05
kazungula,25.63,-17.1,2/1/2021 6:00,117.02234,131.11
kazungula,25.63,-17.1,3/1/2021 6:00,77.45925,24.4
kitwe,28.27,-12.79,10/1/2020 6:00,25.405504,50.74
kitwe,28.27,-12.79,11/1/2020 6:00,128.85585,59.15
kitwe,28.27,-12.79,12/1/2020 6:00,255.94188,206.39
kitwe,28.27,-12.79,1/1/2021 6:00,310.0298,331.78
kitwe,28.27,-12.79,2/1/2021 6:00,231.3296,141.69
kitwe,28.27,-12.79,3/1/2021 6:00,192.77394,132.16
livingstone,27.8130,-15.7347,10/1/2020 6:00,15.581324,31.295
livingstone,27.8130,-15.7347,11/1/2020 6:00,75.423584,125.595
livingstone,27.8130,-15.7347,12/1/2020 6:00,134.30951,154.72
livingstone,27.8130,-15.7347,1/1/2021 6:00,167.36922,199.265
livingstone,27.8130,-15.7347,2/1/2021 6:00,115.85952,153.735
livingstone,27.8130,-15.7347,3/1/2021 6:00,76.30723,9.555
lundazi,,,10/1/2020 6:00,2.8518178,12.62
lundazi,,,11/1/2020 6:00,67.41243,9.35
lundazi,,,12/1/2020 6:00,161.91933,180.805
lundazi,,,1/1/2021 6:00,222.36993,282.66
lundazi,,,2/1/2021 6:00,185.2742,152.465
lundazi,,,3/1/2021 6:00,135.87733,91.795
lusaka city,,,10/1/2020 6:00,1.6917211,5.4
lusaka city,,,11/1/2020 6:00,71.78297,114.7
lusaka city,,,12/1/2020 6:00,170.89629,400.7
lusaka city,,,1/1/2021 6:00,206.65948,158.3
lusaka city,,,2/1/2021 6:00,159.79639,204.8
lusaka city,,,3/1/2021 6:00,80.5104,93.2
lusaka intl airport,,,12/1/2020 6:00,183.68636,400.7
lavushimanda,30.94,-12.51,10/1/2020 6:00,16.986761,66.25
lavushimanda,30.94,-12.51,11/1/2020 6:00,94.03017,48.75
lavushimanda,30.94,-12.51,12/1/2020 6:00,230.88574,254.26
lavushimanda,30.94,-12.51,1/1/2021 6:00,265.7294,285.02
lavushimanda,30.94,-12.51,2/1/2021 6:00,228.77962,265.48
lavushimanda,30.94,-12.51,3/1/2021 6:00,178.60547,231.53
limulunga,23.38,-14.98,10/1/2020 6:00,28.356586,22.49
limulunga,23.38,-14.98,11/1/2020 6:00,104.20877,103.85
limulunga,23.38,-14.98,12/1/2020 6:00,186.57143,209.82
limulunga,23.38,-14.98,1/1/2021 6:00,208.26141,243.58
limulunga,23.38,-14.98,2/1/2021 6:00,166.61826,98.29
limulunga,23.38,-14.98,3/1/2021 6:00,135.46097,122.25
luampa,24.77,-15.35,10/1/2020 6:00,17.959553,5.1
luampa,24.77,-15.35,11/1/2020 6:00,97.91544,129.78
luampa,24.77,-15.35,12/1/2020 6:00,183.13864,260.29
luampa,24.77,-15.35,1/1/2021 6:00,211.78833,247.57
luampa,24.77,-15.35,2/1/2021 6:00,159.24211,173.24
luampa,24.77,-15.35,3/1/2021 6:00,128.34288,70.55
luangwa,30.01,-15.43,10/1/2020 6:00,3.26877,8.83
luangwa,30.01,-15.43,11/1/2020 6:00,46.076733,35.41
luangwa,30.01,-15.43,12/1/2020 6:00,147.14975,239.08
luangwa,30.01,-15.43,1/1/2021 6:00,183.0386,219.71
luangwa,30.01,-15.43,2/1/2021 6:00,160.41098,240.69
luangwa,30.01,-15.43,3/1/2021 6:00,79.687546,40.3
luano,29.57,-14.44,10/1/2020 6:00,6.7207575,29.12
luano,29.57,-14.44,11/1/2020 6:00,58.159157,56.72
luano,29.57,-14.44,12/1/2020 6:00,193.12517,281.51
luano,29.57,-14.44,1/1/2021 6:00,228.86108,280.87
luano,29.57,-14.44,2/1/2021 6:00,196.46164,300.58
luano,29.57,-14.44,3/1/2021 6:00,100.7797,94.93
luanshya,28.4,-13.08,10/1/2020 6:00,21.761955,43.54
luanshya,28.4,-13.08,11/1/2020 6:00,125.31154,93.5
luanshya,28.4,-13.08,12/1/2020 6:00,257.1567,235.2
luanshya,28.4,-13.08,1/1/2021 6:00,296.13464,371.13
luanshya,28.4,-13.08,2/1/2021 6:00,229.42241,163.86
luanshya,28.4,-13.08,3/1/2021 6:00,174.41173,173.63
lufwanyama,27.49,-12.96,10/1/2020 6:00,24.40345,58.68
lufwanyama,27.49,-12.96,11/1/2020 6:00,138.87085,143.65
lufwanyama,27.49,-12.96,12/1/2020 6:00,254.85594,244.77
lufwanyama,27.49,-12.96,1/1/2021 6:00,291.84686,318.93
lufwanyama,27.49,-12.96,2/1/2021 6:00,240.16653,246.85
lufwanyama,27.49,-12.96,3/1/2021 6:00,191.431,174.29
lukulu,23.82,-14.31,10/1/2020 6:00,37.9779,17.87
lukulu,23.82,-14.31,11/1/2020 6:00,119.96724,129.93
lukulu,23.82,-14.31,12/1/2020 6:00,196.13885,238.05
lukulu,23.82,-14.31,1/1/2021 6:00,238.42163,248.71
lukulu,23.82,-14.31,2/1/2021 6:00,175.63153,137.12
lukulu,23.82,-14.31,3/1/2021 6:00,146.3361,109.92
lumezi,32.6,-12.63,10/1/2020 6:00,10.206897,29.73
lumezi,32.6,-12.63,11/1/2020 6:00,75.493454,20.36
lumezi,32.6,-12.63,12/1/2020 6:00,184.11975,202.54
lumezi,32.6,-12.63,1/1/2021 6:00,252.28223,272.35
lumezi,32.6,-12.63,2/1/2021 6:00,196.94823,206.68
lumezi,32.6,-12.63,3/1/2021 6:00,147.97646,137.51
lunga,30.09,-11.57,10/1/2020 6:00,32.54282,49.71
lunga,30.09,-11.57,11/1/2020 6:00,134.4259,79.24
lunga,30.09,-11.57,12/1/2020 6:00,283.67773,266.17
lunga,30.09,-11.57,1/1/2021 6:00,292.61383,272.53
lunga,30.09,-11.57,2/1/2021 6:00,262.72388,259.32
lunga,30.09,-11.57,3/1/2021 6:00,249.58035,297.47
luntedistrict,30.4,-9.82,10/1/2020 6:00,64.54909,63.4
luntedistrict,30.4,-9.82,11/1/2020 6:00,156.03712,95.03
luntedistrict,30.4,-9.82,12/1/2020 6:00,280.40976,383.98
luntedistrict,30.4,-9.82,1/1/2021 6:00,276.41144,238.48
luntedistrict,30.4,-9.82,2/1/2021 6:00,249.70259,217.86
luntedistrict,30.4,-9.82,3/1/2021 6:00,285.8652,253.13
lupososhi,29.58,-10.62,10/1/2020 6:00,44.995358,26.63
lupososhi,29.58,-10.62,11/1/2020 6:00,162.52197,98.3
lupososhi,29.58,-10.62,12/1/2020 6:00,282.44885,305.92
lupososhi,29.58,-10.62,1/1/2021 6:00,277.2147,286.29
lupososhi,29.58,-10.62,2/1/2021 6:00,247.68506,253.41
lupososhi,29.58,-10.62,3/1/2021 6:00,258.86667,328.95
lusaka,28.31,-15.43,10/1/2020 6:00,9.103005,16.68
lusaka,28.31,-15.43,11/1/2020 6:00,59.801327,53.37
lusaka,28.31,-15.43,12/1/2020 6:00,148.12679,273.65
lusaka,28.31,-15.43,1/1/2021 6:00,188.03662,138.08
lusaka,28.31,-15.43,2/1/2021 6:00,136.72043,160.21
lusaka,28.31,-15.43,3/1/2021 6:00,66.29731,56.25
luwingu,30.27,-10.55,10/1/2020 6:00,51.579166,38.6
luwingu,30.27,-10.55,11/1/2020 6:00,155.85657,80
luwingu,30.27,-10.55,12/1/2020 6:00,289.2852,318.55
luwingu,30.27,-10.55,1/1/2021 6:00,282.16336,286.99
luwingu,30.27,-10.55,2/1/2021 6:00,256.79776,251.14
luwingu,30.27,-10.55,3/1/2021 6:00,262.42538,290.12
mafinga,33.32,-10.35,10/1/2020 6:00,13.841231,0.68
mafinga,33.32,-10.35,11/1/2020 6:00,91.7802,64.24
mafinga,33.32,-10.35,12/1/2020 6:00,206.1539,249.28
mafinga,33.32,-10.35,1/1/2021 6:00,226.6242,239.61
mafinga,33.32,-10.35,2/1/2021 6:00,195.91634,199.19
mafinga,33.32,-10.35,3/1/2021 6:00,242.73814,253.85
mambwe,31.99,-13.34,10/1/2020 6:00,11.14286,26.92
mambwe,31.99,-13.34,11/1/2020 6:00,77.20111,20.94
mambwe,31.99,-13.34,12/1/2020 6:00,188.1753,209.77
mambwe,31.99,-13.34,1/1/2021 6:00,237.3742,241.74
mambwe,31.99,-13.34,2/1/2021 6:00,189.557,137.98
mambwe,31.99,-13.34,3/1/2021 6:00,126.34222,134.4
mansa,28.96,-11.21,10/1/2020 6:00,43.689312,33.57
mansa,28.96,-11.21,11/1/2020 6:00,140.85643,83
mansa,28.96,-11.21,12/1/2020 6:00,275.11517,280.41
mansa,28.96,-11.21,1/1/2021 6:00,274.78082,290.41
mansa,28.96,-11.21,2/1/2021 6:00,244.73256,152.61
mansa,28.96,-11.21,3/1/2021 6:00,232.18451,260.97
manyinga,24.33,-13,10/1/2020 6:00,52.249954,41.81
manyinga,24.33,-13,11/1/2020 6:00,146.25198,147.3
manyinga,24.33,-13,12/1/2020 6:00,223.9231,225.52
manyinga,24.33,-13,1/1/2021 6:00,256.27606,238.55
manyinga,24.33,-13,2/1/2021 6:00,197.54556,183.38
manyinga,24.33,-13,3/1/2021 6:00,196.41653,142.98
masaiti,28.65,-13.39,10/1/2020 6:00,17.336052,25.44
masaiti,28.65,-13.39,11/1/2020 6:00,119.19598,85.15
masaiti,28.65,-13.39,12/1/2020 6:00,251.58496,276.65
masaiti,28.65,-13.39,1/1/2021 6:00,266.5982,330.49
masaiti,28.65,-13.39,2/1/2021 6:00,239.72543,164.46
masaiti,28.65,-13.39,3/1/2021 6:00,158.11606,185.36
mazabuka,27.72,-15.88,10/1/2020 6:00,8.998943,38.84
mazabuka,27.72,-15.88,11/1/2020 6:00,63.6037,40.98
mazabuka,27.72,-15.88,12/1/2020 6:00,143.93076,285.29
mazabuka,27.72,-15.88,1/1/2021 6:00,181.11711,112.89
mazabuka,27.72,-15.88,2/1/2021 6:00,124.35902,232.32
mazabuka,27.72,-15.88,3/1/2021 6:00,62.37753,55.63
mbala,31.43,-8.96,10/1/2020 6:00,46.185177,88.08
mbala,31.43,-8.96,11/1/2020 6:00,125.955215,98.16
mbala,31.43,-8.96,12/1/2020 6:00,241.32198,284.1
mbala,31.43,-8.96,1/1/2021 6:00,267.1988,248.86
mbala,31.43,-8.96,2/1/2021 6:00,214.27356,171.87
mbala,31.43,-8.96,3/1/2021 6:00,244.53317,195.52
milengi,29.18,-11.94,10/1/2020 6:00,30.329468,33.04
milengi,29.18,-11.94,11/1/2020 6:00,136.45044,82.87
milengi,29.18,-11.94,12/1/2020 6:00,270.5882,265.97
milengi,29.18,-11.94,1/1/2021 6:00,289.5915,311.48
milengi,29.18,-11.94,2/1/2021 6:00,244.66563,217.53
milengi,29.18,-11.94,3/1/2021 6:00,213.92842,217.03
mitete,22.7,-14.16,10/1/2020 6:00,39.331966,53.39
mitete,22.7,-14.16,11/1/2020 6:00,113.098564,123.19
mitete,22.7,-14.16,12/1/2020 6:00,179.00668,194.96
mitete,22.7,-14.16,1/1/2021 6:00,200.72287,177.78
mitete,22.7,-14.16,2/1/2021 6:00,163.00038,147.3
mitete,22.7,-14.16,3/1/2021 6:00,134.74814,106.64
mkushi,29.48,-13.75,10/1/2020 6:00,7.7795677,25.94
mkushi,29.48,-13.75,11/1/2020 6:00,81.43847,63.57
mkushi,29.48,-13.75,12/1/2020 6:00,217.15825,250.74
mkushi,29.48,-13.75,1/1/2021 6:00,241.50699,249.68
mkushi,29.48,-13.75,2/1/2021 6:00,223.2668,190.75
mkushi,29.48,-13.75,3/1/2021 6:00,128.87941,187.35
mongu,23.57,-15.39,10/1/2020 6:00,23.276432,11.43
mongu,23.57,-15.39,11/1/2020 6:00,99.47273,109.5
mongu,23.57,-15.39,12/1/2020 6:00,186.36526,217.51
mongu,23.57,-15.39,1/1/2021 6:00,206.22089,257.92
mongu,23.57,-15.39,2/1/2021 6:00,159.27863,117.96
mongu,23.57,-15.39,3/1/2021 6:00,157.16246,122.76
monze,27.44,-16.22,10/1/2020 6:00,4.90293,41.25
monze,27.44,-16.22,11/1/2020 6:00,57.7254,35.35
monze,27.44,-16.22,12/1/2020 6:00,145.65463,275.03
monze,27.44,-16.22,1/1/2021 6:00,175.73572,144.46
monze,27.44,-16.22,2/1/2021 6:00,122.62463,222.24
monze,27.44,-16.22,3/1/2021 6:00,72.45936,60.93
mpika,31.82,-12.02,10/1/2020 6:00,15.667557,23.39
mpika,31.82,-12.02,11/1/2020 6:00,81.03146,39.68
mpika,31.82,-12.02,12/1/2020 6:00,203.39734,230.75
mpika,31.82,-12.02,1/1/2021 6:00,247.3535,273.01
mpika,31.82,-12.02,2/1/2021 6:00,210.46655,232.86
mpika,31.82,-12.02,3/1/2021 6:00,165.64441,207.82
mpongwe,27.74,-13.58,10/1/2020 6:00,17.569334,35.82
mpongwe,27.74,-13.58,11/1/2020 6:00,121.70631,118.9
mpongwe,27.74,-13.58,12/1/2020 6:00,229.56993,291.57
mpongwe,27.74,-13.58,1/1/2021 6:00,267.21625,315.37
mpongwe,27.74,-13.58,2/1/2021 6:00,217.1368,232.95
mpongwe,27.74,-13.58,3/1/2021 6:00,154.80547,132.63
mporokoso,29.87,-9.44,10/1/2020 6:00,86.53483,66.05
mporokoso,29.87,-9.44,11/1/2020 6:00,166.09578,123.65
mporokoso,29.87,-9.44,12/1/2020 6:00,252.3092,305.59
mporokoso,29.87,-9.44,1/1/2021 6:00,250.77252,180.94
mporokoso,29.87,-9.44,2/1/2021 6:00,233.34175,197.26
mporokoso,29.87,-9.44,3/1/2021 6:00,264.87314,229.12
mpulungu,30.79,-8.97,10/1/2020 6:00,61.952465,81.35
mpulungu,30.79,-8.97,11/1/2020 6:00,141.61775,104.83
mpulungu,30.79,-8.97,12/1/2020 6:00,263.87997,338.38
mpulungu,30.79,-8.97,1/1/2021 6:00,272.62805,222.27
mpulungu,30.79,-8.97,2/1/2021 6:00,230.29219,193.13
mpulungu,30.79,-8.97,3/1/2021 6:00,268.86322,226.7
mufulira,28.25,-12.54,10/1/2020 6:00,20.471487,46.11
mufulira,28.25,-12.54,11/1/2020 6:00,126.91509,40.2
mufulira,28.25,-12.54,12/1/2020 6:00,243.97676,188.48
mufulira,28.25,-12.54,1/1/2021 6:00,319.75894,280.3
mufulira,28.25,-12.54,2/1/2021 6:00,229.95601,143.05
mufulira,28.25,-12.54,3/1/2021 6:00,193.83128,100.86
mufumbwe,25.23,-13.83,10/1/2020 6:00,36.97583,17.34
mufumbwe,25.23,-13.83,11/1/2020 6:00,135.67155,147.12
mufumbwe,25.23,-13.83,12/1/2020 6:00,208.48528,291.69
mufumbwe,25.23,-13.83,1/1/2021 6:00,246.42194,272.02
mufumbwe,25.23,-13.83,2/1/2021 6:00,201.69923,211.06
mufumbwe,25.23,-13.83,3/1/2021 6:00,171.24606,125.34
mulobezi,24.73,-16.25,10/1/2020 6:00,16.903122,14.85
mulobezi,24.73,-16.25,11/1/2020 6:00,93.58297,103.43
mulobezi,24.73,-16.25,12/1/2020 6:00,166.93105,222.59
mulobezi,24.73,-16.25,1/1/2021 6:00,192.43797,196.46
mulobezi,24.73,-16.25,2/1/2021 6:00,134.51346,167.36
mulobezi,24.73,-16.25,3/1/2021 6:00,122.53858,45.24
mumbwa,26.54,-14.97,10/1/2020 6:00,13.4268265,23.35
mumbwa,26.54,-14.97,11/1/2020 6:00,86.722984,84.39
mumbwa,26.54,-14.97,12/1/2020 6:00,168.0142,291.6
mumbwa,26.54,-14.97,1/1/2021 6:00,199.70673,221.36
mumbwa,26.54,-14.97,2/1/2021 6:00,162.92924,227.1
mumbwa,26.54,-14.97,3/1/2021 6:00,98.2691,67.53
mungwi,31.74,-9.89,10/1/2020 6:00,26.81508,17.36
mungwi,31.74,-9.89,11/1/2020 6:00,110.95392,80.16
mungwi,31.74,-9.89,12/1/2020 6:00,228.19504,311.05
mungwi,31.74,-9.89,1/1/2021 6:00,235.19374,255.52
mungwi,31.74,-9.89,2/1/2021 6:00,228.00154,205.74
mungwi,31.74,-9.89,3/1/2021 6:00,213.1422,192.61
mushindano,27.15,-12.1,10/1/2020 6:00,39.97083,73.67
mushindano,27.15,-12.1,11/1/2020 6:00,161.26353,153.2
mushindano,27.15,-12.1,12/1/2020 6:00,277.30872,265.39
mushindano,27.15,-12.1,1/1/2021 6:00,276.72385,246.81
mushindano,27.15,-12.1,2/1/2021 6:00,259.03043,244.31
mushindano,27.15,-12.1,3/1/2021 6:00,205.49103,215.83
mwandi,24.66,-17.11,10/1/2020 6:00,25.73507,19.05
mwandi,24.66,-17.11,11/1/2020 6:00,80.65533,90.81
mwandi,24.66,-17.11,12/1/2020 6:00,135.71808,158.27
mwandi,24.66,-17.11,1/1/2021 6:00,164.70406,225.7
mwandi,24.66,-17.11,2/1/2021 6:00,119.40981,135.46
mwandi,24.66,-17.11,3/1/2021 6:00,82.18549,26.68
mwansabombwe,28.79,-9.93,10/1/2020 6:00,72.83747,39.39
mwansabombwe,28.79,-9.93,11/1/2020 6:00,157.01324,140.29
mwansabombwe,28.79,-9.93,12/1/2020 6:00,230.57811,240.86
mwansabombwe,28.79,-9.93,1/1/2021 6:00,226.75174,169.28
mwansabombwe,28.79,-9.93,2/1/2021 6:00,203.59225,139.17
mwansabombwe,28.79,-9.93,3/1/2021 6:00,256.3469,246.91
mwense,28.73,-10.5,10/1/2020 6:00,49.33601,41.1
mwense,28.73,-10.5,11/1/2020 6:00,146.58144,115.09
mwense,28.73,-10.5,12/1/2020 6:00,242.73004,257.12
mwense,28.73,-10.5,1/1/2021 6:00,250.37073,219.5
mwense,28.73,-10.5,2/1/2021 6:00,227.39294,161.18
mwense,28.73,-10.5,3/1/2021 6:00,229.28955,239.45
mwinilunga,24.67,-11.99,10/1/2020 6:00,79.18305,45.04
mwinilunga,24.67,-11.99,11/1/2020 6:00,185.85617,186.3
mwinilunga,24.67,-11.99,12/1/2020 6:00,275.33276,200.53
mwinilunga,24.67,-11.99,1/1/2021 6:00,255.52585,189.19
mwinilunga,24.67,-11.99,2/1/2021 6:00,219.3783,190.55
mwinilunga,24.67,-11.99,3/1/2021 6:00,238.05148,189.05
nakonde,32.56,-9.46,10/1/2020 6:00,22.6856,0.06
nakonde,32.56,-9.46,11/1/2020 6:00,88.78959,88.13
nakonde,32.56,-9.46,12/1/2020 6:00,182.85143,234.92
nakonde,32.56,-9.46,1/1/2021 6:00,198.60378,187.92
nakonde,32.56,-9.46,2/1/2021 6:00,185.48581,146.42
nakonde,32.56,-9.46,3/1/2021 6:00,192.02829,180.2
nalolo,22.99,-15.77,10/1/2020 6:00,24.098253,25.22
nalolo,22.99,-15.77,11/1/2020 6:00,84.79547,90.39
nalolo,22.99,-15.77,12/1/2020 6:00,176.10556,232.48
nalolo,22.99,-15.77,1/1/2021 6:00,191.10043,278.12
nalolo,22.99,-15.77,2/1/2021 6:00,146.42854,122.03
nalolo,22.99,-15.77,3/1/2021 6:00,134.04506,112
namwala,26.77,-15.94,10/1/2020 6:00,6.5931153,19.43
namwala,26.77,-15.94,11/1/2020 6:00,66.45256,60.59
namwala,26.77,-15.94,12/1/2020 6:00,157.95557,285.58
namwala,26.77,-15.94,1/1/2021 6:00,175.49475,206.5
namwala,26.77,-15.94,2/1/2021 6:00,138.86035,214.34
namwala,26.77,-15.94,3/1/2021 6:00,69.87845,26
nchelenge,28.79,-9.34,10/1/2020 6:00,75.576584,60.62
nchelenge,28.79,-9.34,11/1/2020 6:00,148.05762,135.83
nchelenge,28.79,-9.34,12/1/2020 6:00,219.29312,231.88
nchelenge,28.79,-9.34,1/1/2021 6:00,201.46521,111.92
nchelenge,28.79,-9.34,2/1/2021 6:00,205.90495,175.54
nchelenge,28.79,-9.34,3/1/2021 6:00,263.94507,218.42
ndola,28.56,-12.97,10/1/2020 6:00,25.099445,56.35
ndola,28.56,-12.97,11/1/2020 6:00,123.62764,71.96
ndola,28.56,-12.97,12/1/2020 6:00,267.12982,229.36
ndola,28.56,-12.97,1/1/2021 6:00,297.34357,368.16
ndola,28.56,-12.97,2/1/2021 6:00,227.81679,143.08
ndola,28.56,-12.97,3/1/2021 6:00,177.16728,173.74
ngabwe,27.45,-14.04,10/1/2020 6:00,17.805347,44.72
ngabwe,27.45,-14.04,11/1/2020 6:00,104.633644,109.94
ngabwe,27.45,-14.04,12/1/2020 6:00,197.74341,301.55
ngabwe,27.45,-14.04,1/1/2021 6:00,236.28033,294.22
ngabwe,27.45,-14.04,2/1/2021 6:00,194.59842,231.52
ngabwe,27.45,-14.04,3/1/2021 6:00,119.414276,91.96
nkeyema,25.19,-14.87,10/1/2020 6:00,21.749289,3.83
nkeyema,25.19,-14.87,11/1/2020 6:00,93.566124,134.81
nkeyema,25.19,-14.87,12/1/2020 6:00,176.01833,267.25
nkeyema,25.19,-14.87,1/1/2021 6:00,208.47173,281.1
nkeyema,25.19,-14.87,2/1/2021 6:00,166.03792,171.16
nkeyema,25.19,-14.87,3/1/2021 6:00,125.4512,78.16
nsama,30.1,-8.82,10/1/2020 6:00,70.21786,48.34
nsama,30.1,-8.82,11/1/2020 6:00,143.52528,118.68
nsama,30.1,-8.82,12/1/2020 6:00,228.27168,268.04
nsama,30.1,-8.82,1/1/2021 6:00,220.55655,157.76
nsama,30.1,-8.82,2/1/2021 6:00,208.39343,200.83
nsama,30.1,-8.82,3/1/2021 6:00,222.1768,188.62
nyimba,30.58,-14.38,10/1/2020 6:00,6.6098876,12.84
nyimba,30.58,-14.38,11/1/2020 6:00,69.55511,47.49
nyimba,30.58,-14.38,12/1/2020 6:00,191.74164,225.37
nyimba,30.58,-14.38,1/1/2021 6:00,231.25137,268.76
nyimba,30.58,-14.38,2/1/2021 6:00,191.40125,306.67
nyimba,30.58,-14.38,3/1/2021 6:00,106.047935,107
pemba,27.39,-16.7,10/1/2020 6:00,4.924705,37.77
pemba,27.39,-16.7,11/1/2020 6:00,58.636177,39.68
pemba,27.39,-16.7,12/1/2020 6:00,146.5086,237.24
pemba,27.39,-16.7,1/1/2021 6:00,172.03944,167.64
pemba,27.39,-16.7,2/1/2021 6:00,124.68941,161.11
pemba,27.39,-16.7,3/1/2021 6:00,83.21242,104.05
petauke,31.34,-14.07,10/1/2020 6:00,10.13333,15.95
petauke,31.34,-14.07,11/1/2020 6:00,75.61591,21.68
petauke,31.34,-14.07,12/1/2020 6:00,197.45789,198.73
petauke,31.34,-14.07,1/1/2021 6:00,238.83235,260.12
petauke,31.34,-14.07,2/1/2021 6:00,194.10461,265.59
petauke,31.34,-14.07,3/1/2021 6:00,112.478195,139.33
rufunsa,29.51,-15.16,10/1/2020 6:00,4.1973815,12.15
rufunsa,29.51,-15.16,11/1/2020 6:00,56.58399,52.29
rufunsa,29.51,-15.16,12/1/2020 6:00,159.71266,276.8
rufunsa,29.51,-15.16,1/1/2021 6:00,207.51788,250.71
rufunsa,29.51,-15.16,2/1/2021 6:00,165.17096,277.08
rufunsa,29.51,-15.16,3/1/2021 6:00,84.66443,54.64
samfya,29.63,-11.78,10/1/2020 6:00,27.162699,43.08
samfya,29.63,-11.78,11/1/2020 6:00,135.01205,80.47
samfya,29.63,-11.78,12/1/2020 6:00,285.25665,267.66
samfya,29.63,-11.78,1/1/2021 6:00,289.24652,296.55
samfya,29.63,-11.78,2/1/2021 6:00,255.61931,254.33
samfya,29.63,-11.78,3/1/2021 6:00,237.2773,259.82
senanga,23.79,-16.02,10/1/2020 6:00,19.554781,18
senanga,23.79,-16.02,11/1/2020 6:00,90.642075,100.41
senanga,23.79,-16.02,12/1/2020 6:00,170.07092,231.64
senanga,23.79,-16.02,1/1/2021 6:00,189.11725,235.35
senanga,23.79,-16.02,2/1/2021 6:00,135.70801,128.13
senanga,23.79,-16.02,3/1/2021 6:00,157.3067,88.3
sengahill,31.66,-9.32,10/1/2020 6:00,38.703186,44.01
sengahill,31.66,-9.32,11/1/2020 6:00,115.622856,85.25
sengahill,31.66,-9.32,12/1/2020 6:00,228.3277,301.98
sengahill,31.66,-9.32,1/1/2021 6:00,243.0309,254.79
sengahill,31.66,-9.32,2/1/2021 6:00,219.60768,196.56
sengahill,31.66,-9.32,3/1/2021 6:00,232.11296,199.3
serenje,30.33,-13.41,10/1/2020 6:00,10.527714,24.29
serenje,30.33,-13.41,11/1/2020 6:00,80.15086,61.01
serenje,30.33,-13.41,12/1/2020 6:00,215.25328,228.33
serenje,30.33,-13.41,1/1/2021 6:00,250.54276,268.67
serenje,30.33,-13.41,2/1/2021 6:00,210.56259,199.83
serenje,30.33,-13.41,3/1/2021 6:00,138.86472,219.86
sesheke,23.88,-17.07,10/1/2020 6:00,26.895664,17.36
sesheke,23.88,-17.07,11/1/2020 6:00,80.60625,93.57
sesheke,23.88,-17.07,12/1/2020 6:00,148.78993,204.49
sesheke,23.88,-17.07,1/1/2021 6:00,162.7486,204.41
sesheke,23.88,-17.07,2/1/2021 6:00,121.15987,132.18
sesheke,23.88,-17.07,3/1/2021 6:00,104.186455,39.08
shangombo,22.56,-16.34,10/1/2020 6:00,17.510265,18.15
shangombo,22.56,-16.34,11/1/2020 6:00,87.39416,125.07
shangombo,22.56,-16.34,12/1/2020 6:00,168.20424,266.44
shangombo,22.56,-16.34,1/1/2021 6:00,170.06294,201.84
shangombo,22.56,-16.34,2/1/2021 6:00,130.78056,136.39
shangombo,22.56,-16.34,3/1/2021 6:00,145.05612,88.22
shibuyunji,27.72,-15.4,10/1/2020 6:00,10.795918,16.98
shibuyunji,27.72,-15.4,11/1/2020 6:00,70.640045,56.1
shibuyunji,27.72,-15.4,12/1/2020 6:00,156.78627,324.77
shibuyunji,27.72,-15.4,1/1/2021 6:00,190.66452,141.12
shibuyunji,27.72,-15.4,2/1/2021 6:00,139.076,223.97
shibuyunji,27.72,-15.4,3/1/2021 6:00,69.255,47.9
shiwamgandu,31.71,-11.02,10/1/2020 6:00,25.269394,38.07
shiwamgandu,31.71,-11.02,11/1/2020 6:00,112.982506,76.14
shiwamgandu,31.71,-11.02,12/1/2020 6:00,252.00645,291.09
shiwamgandu,31.71,-11.02,1/1/2021 6:00,272.75226,274.09
shiwamgandu,31.71,-11.02,2/1/2021 6:00,250.54755,238.83
shiwamgandu,31.71,-11.02,3/1/2021 6:00,228.53098,279.11
siavonga,28.48,-16.43,10/1/2020 6:00,1.1268352,19.91
siavonga,28.48,-16.43,11/1/2020 6:00,49.749817,42.74
siavonga,28.48,-16.43,12/1/2020 6:00,141.4401,219.7
siavonga,28.48,-16.43,1/1/2021 6:00,169.77477,183.75
siavonga,28.48,-16.43,2/1/2021 6:00,124.92492,160.73
siavonga,28.48,-16.43,3/1/2021 6:00,75.47531,36.61
sikongo,22.21,-15.28,10/1/2020 6:00,23.666046,44.64
sikongo,22.21,-15.28,11/1/2020 6:00,102.32266,115.53
sikongo,22.21,-15.28,12/1/2020 6:00,190.74849,252.97
sikongo,22.21,-15.28,1/1/2021 6:00,206.78586,239.04
sikongo,22.21,-15.28,2/1/2021 6:00,165.42003,164.58
sikongo,22.21,-15.28,3/1/2021 6:00,172.19955,147.04
sinazongwe,27.29,-17.39,10/1/2020 6:00,3.8040965,23.9
sinazongwe,27.29,-17.39,11/1/2020 6:00,43.43632,30.88
sinazongwe,27.29,-17.39,12/1/2020 6:00,137.2036,179.81
sinazongwe,27.29,-17.39,1/1/2021 6:00,156.78905,200.29
sinazongwe,27.29,-17.39,2/1/2021 6:00,123.79843,125.23
sinazongwe,27.29,-17.39,3/1/2021 6:00,87.10674,49.34
sinda,31.72,-14.26,10/1/2020 6:00,11.3342705,9.68
sinda,31.72,-14.26,11/1/2020 6:00,72.293175,7.27
sinda,31.72,-14.26,12/1/2020 6:00,201.58932,213.67
sinda,31.72,-14.26,1/1/2021 6:00,240.49507,264.52
sinda,31.72,-14.26,2/1/2021 6:00,199.1997,260.81
sinda,31.72,-14.26,3/1/2021 6:00,110.744446,117.94
sioma,23.13,-16.78,10/1/2020 6:00,22.898228,21.84
sioma,23.13,-16.78,11/1/2020 6:00,85.63041,111.59
sioma,23.13,-16.78,12/1/2020 6:00,179.21156,266.2
sioma,23.13,-16.78,1/1/2021 6:00,155.78157,201.47
sioma,23.13,-16.78,2/1/2021 6:00,133.57991,143.28
sioma,23.13,-16.78,3/1/2021 6:00,138.16577,66.69
solwezi,26.51,-12.56,10/1/2020 6:00,44.171417,73.85
solwezi,26.51,-12.56,11/1/2020 6:00,157.55138,161.41
solwezi,26.51,-12.56,12/1/2020 6:00,283.32394,278.67
solwezi,26.51,-12.56,1/1/2021 6:00,269.81525,316.17
solwezi,26.51,-12.56,2/1/2021 6:00,241.02162,192.48
solwezi,26.51,-12.56,3/1/2021 6:00,202.42143,226.77
vubwi,32.89,-14.01,10/1/2020 6:00,15.1148815,32.64
vubwi,32.89,-14.01,11/1/2020 6:00,94.16117,21.25
vubwi,32.89,-14.01,12/1/2020 6:00,231.50525,239.15
vubwi,32.89,-14.01,1/1/2021 6:00,271.82483,232.42
vubwi,32.89,-14.01,2/1/2021 6:00,228.26712,141.5
vubwi,32.89,-14.01,3/1/2021 6:00,169.40427,128.32
zambezi,23.04,-13.57,10/1/2020 6:00,49.256126,47.84
zambezi,23.04,-13.57,11/1/2020 6:00,131.54837,142.16
zambezi,23.04,-13.57,12/1/2020 6:00,195.60597,207.41
zambezi,23.04,-13.57,1/1/2021 6:00,222.44846,172.85
zambezi,23.04,-13.57,2/1/2021 6:00,178.07805,129.68
zambezi,23.04,-13.57,3/1/2021 6:00,153.17148,129.42
zimba,26.58,-17.62,10/1/2020 6:00,6.176496,31.5
zimba,26.58,-17.62,11/1/2020 6:00,62.633125,71.77
zimba,26.58,-17.62,12/1/2020 6:00,133.81172,160.54
zimba,26.58,-17.62,1/1/2021 6:00,162.3755,228.05
zimba,26.58,-17.62,2/1/2021 6:00,114.06167,148.57
zimba,26.58,-17.62,3/1/2021 6:00,70.10531,18.24
